input,start_time,end_time,species_name,confidence
"C:\Users\DELL\AppData\Local\Temp\tmp6ya2ublx.mp3","00:00:00.00","00:00:03.00","Cinnyris asiaticus_Purple Sunbird",0.934395
"C:\Users\DELL\AppData\Local\Temp\tmp6ya2ublx.mp3","00:00:03.00","00:00:06.00","Phylloscopus bonelli_Western Bonelli's Warbler",0.581492
"C:\Users\DELL\AppData\Local\Temp\tmp6ya2ublx.mp3","00:00:03.00","00:00:06.00","Phylloscopus tephrocephalus_Grey-crowned Warbler",0.110404
"C:\Users\DELL\AppData\Local\Temp\tmp6ya2ublx.mp3","00:00:06.00","00:00:09.00","Brotogeris cyanoptera_Cobalt-winged Parakeet",0.212130
"C:\Users\DELL\AppData\Local\Temp\tmp6ya2ublx.mp3","00:00:09.00","00:00:12.00","Cinnyris asiaticus_Purple Sunbird",0.836733
"C:\Users\DELL\AppData\Local\Temp\tmp6ya2ublx.mp3","00:00:18.00","00:00:21.00","Cinnyris asiaticus_Purple Sunbird",0.889073
"C:\Users\DELL\AppData\Local\Temp\tmp6ya2ublx.mp3","00:00:39.00","00:00:42.00","Cinnyris asiaticus_Purple Sunbird",0.720856
"C:\Users\DELL\AppData\Local\Temp\tmp6ya2ublx.mp3","00:00:42.00","00:00:45.00","Cinnyris asiaticus_Purple Sunbird",0.706524
"C:\Users\DELL\AppData\Local\Temp\tmp6ya2ublx.mp3","00:00:45.00","00:00:47.31","Strix aluco_Tawny Owl",0.100578
